,AESL_inst_AES_Full,,module_status1.csv
,grp_AES_Full_Pipeline_L_copy_fu_122,,module_status2.csv
,grp_AddRoundKey_fu_130,,module_status3.csv
,grp_AES_Full_Pipeline_L_rounds_fu_139,,module_status4.csv
grp_AES_Full_Pipeline_L_rounds_fu_139,grp_SubBytes_fu_80,,module_status5.csv
grp_AES_Full_Pipeline_L_rounds_fu_139,grp_ShiftRows_fu_88,,module_status6.csv
grp_AES_Full_Pipeline_L_rounds_fu_139,grp_MixColumns_fu_94,,module_status7.csv
grp_AES_Full_Pipeline_L_rounds_fu_139,grp_AddRoundKey_fu_104,,module_status8.csv
,grp_AES_Full_Pipeline_L_copy_o_fu_154,,module_status9.csv
,grp_AES_Full_Pipeline_L_copy1_fu_161,,module_status10.csv
,grp_AES_Full_Pipeline_L_rounds2_fu_168,,module_status11.csv
grp_AES_Full_Pipeline_L_rounds2_fu_168,grp_InvShiftRows_fu_94,,module_status12.csv
grp_AES_Full_Pipeline_L_rounds2_fu_168,grp_InvSubBytes_fu_100,,module_status13.csv
grp_AES_Full_Pipeline_L_rounds2_fu_168,grp_AddRoundKey_fu_108,,module_status14.csv
grp_AES_Full_Pipeline_L_rounds2_fu_168,grp_InvMixColumns_fu_117,,module_status15.csv
,grp_AES_Full_Pipeline_L_copy_o3_fu_188,,module_status16.csv
